Datetime,Water Level (m)
2026-09-16 00:00:00,-0.39553577
2026-09-16 01:00:00,-0.17122154
2026-09-16 02:00:00,0.18083574
2026-09-16 03:00:00,0.56372327
2026-09-16 04:00:00,0.8975343
2026-09-16 05:00:00,1.0266939
2026-09-16 06:00:00,0.9528428
2026-09-16 07:00:00,0.6913049
2026-09-16 08:00:00,0.33356968
2026-09-16 09:00:00,-0.0097746225
2026-09-16 10:00:00,-0.28694695
2026-09-16 11:00:00,-0.44450104
2026-09-16 12:00:00,-0.42570648
2026-09-16 13:00:00,-0.20582445
2026-09-16 14:00:00,0.13213316
2026-09-16 15:00:00,0.532431
2026-09-16 16:00:00,0.86227095
2026-09-16 17:00:00,1.060438
2026-09-16 18:00:00,1.0944401
2026-09-16 19:00:00,0.92635036
2026-09-16 20:00:00,0.62774014
2026-09-16 21:00:00,0.33907643
2026-09-16 22:00:00,0.055960745
2026-09-16 23:00:00,-0.15907094
2026-09-17 00:00:00,-0.2508025
2026-09-17 01:00:00,-0.14425515
2026-09-17 02:00:00,0.09546549
2026-09-17 03:00:00,0.37008455
2026-09-17 04:00:00,0.6342672
2026-09-17 05:00:00,0.78837717
2026-09-17 06:00:00,0.81686825
2026-09-17 07:00:00,0.68968505
2026-09-17 08:00:00,0.4511032
2026-09-17 09:00:00,0.19316512
2026-09-17 10:00:00,-0.035997495
2026-09-17 11:00:00,-0.22048166
2026-09-17 12:00:00,-0.2908393
2026-09-17 13:00:00,-0.22694832
2026-09-17 14:00:00,-0.011233527
2026-09-17 15:00:00,0.29317984
2026-09-17 16:00:00,0.59311795
2026-09-17 17:00:00,0.8107786
2026-09-17 18:00:00,0.92804337
2026-09-17 19:00:00,0.8997099
2026-09-17 20:00:00,0.72043705
2026-09-17 21:00:00,0.51973265
2026-09-17 22:00:00,0.2980653
2026-09-17 23:00:00,0.11152535
2026-09-18 00:00:00,-0.031528268
2026-09-18 01:00:00,-0.054454044
2026-09-18 02:00:00,0.050232835
2026-09-18 03:00:00,0.23913778
2026-09-18 04:00:00,0.4526836
2026-09-18 05:00:00,0.60369515
2026-09-18 06:00:00,0.6143537
2026-09-18 07:00:00,0.6121061
2026-09-18 08:00:00,0.48753068
2026-09-18 09:00:00,0.30784664
2026-09-18 10:00:00,0.16775529
2026-09-18 11:00:00,0.03758964
2026-09-18 12:00:00,-0.08177283
2026-09-18 13:00:00,-0.13686499
2026-09-18 14:00:00,-0.076785885
2026-09-18 15:00:00,0.12451893
2026-09-18 16:00:00,0.33796033
2026-09-18 17:00:00,0.535331
2026-09-18 18:00:00,0.6912078
2026-09-18 19:00:00,0.7563543
2026-09-18 20:00:00,0.7068398
2026-09-18 21:00:00,0.60591495
2026-09-18 22:00:00,0.46059385
2026-09-18 23:00:00,0.32463235
2026-09-19 00:00:00,0.22207837
2026-09-19 01:00:00,0.12988001
2026-09-19 02:00:00,0.07756842
2026-09-19 03:00:00,0.10244272
2026-09-19 04:00:00,0.19530682
2026-09-19 05:00:00,0.3101327
2026-09-19 06:00:00,0.39743325
2026-09-19 07:00:00,0.45757422
2026-09-19 08:00:00,0.4513497
2026-09-19 09:00:00,0.379721
2026-09-19 10:00:00,0.2669761
2026-09-19 11:00:00,0.1933298
2026-09-19 12:00:00,0.11745172
2026-09-19 13:00:00,0.029310267
2026-09-19 14:00:00,-0.0012507023
2026-09-19 15:00:00,0.048606783
2026-09-19 16:00:00,0.14773971
2026-09-19 17:00:00,0.28513345
2026-09-19 18:00:00,0.42133072
2026-09-19 19:00:00,0.5291579
2026-09-19 20:00:00,0.61661303
2026-09-19 21:00:00,0.6465587
2026-09-19 22:00:00,0.6216189
2026-09-19 23:00:00,0.5568256
2026-09-20 00:00:00,0.4747343
2026-09-20 01:00:00,0.36310533
2026-09-20 02:00:00,0.2392456
2026-09-20 03:00:00,0.13572696
2026-09-20 04:00:00,0.10831793
2026-09-20 05:00:00,0.1341279
2026-09-20 06:00:00,0.20235723
2026-09-20 07:00:00,0.29240182
2026-09-20 08:00:00,0.37763456
2026-09-20 09:00:00,0.4044179
2026-09-20 10:00:00,0.412536
2026-09-20 11:00:00,0.4066646
2026-09-20 12:00:00,0.3659405
2026-09-20 13:00:00,0.28092462
2026-09-20 14:00:00,0.17039956
2026-09-20 15:00:00,0.08083602
2026-09-20 16:00:00,0.0593118
2026-09-20 17:00:00,0.08724677
2026-09-20 18:00:00,0.17340848
2026-09-20 19:00:00,0.3062243
2026-09-20 20:00:00,0.4790441
2026-09-20 21:00:00,0.6380245
2026-09-20 22:00:00,0.7329544
2026-09-20 23:00:00,0.7711339
2026-09-21 00:00:00,0.73152936
2026-09-21 01:00:00,0.648417
2026-09-21 02:00:00,0.47185302
2026-09-21 03:00:00,0.30611715
2026-09-21 04:00:00,0.14730573
2026-09-21 05:00:00,0.040817045
2026-09-21 06:00:00,0.046591636
2026-09-21 07:00:00,0.09136065
2026-09-21 08:00:00,0.22610614
2026-09-21 09:00:00,0.38902774
2026-09-21 10:00:00,0.5283812
2026-09-21 11:00:00,0.60798764
2026-09-21 12:00:00,0.63805085
2026-09-21 13:00:00,0.5812477
2026-09-21 14:00:00,0.44752774
2026-09-21 15:00:00,0.27959362
2026-09-21 16:00:00,0.1042953
2026-09-21 17:00:00,-0.0028393585
2026-09-21 18:00:00,-0.0129414555
2026-09-21 19:00:00,0.08418742
2026-09-21 20:00:00,0.26952335
2026-09-21 21:00:00,0.53886515
2026-09-21 22:00:00,0.7528017
2026-09-21 23:00:00,0.89650136
2026-09-22 00:00:00,0.9496495
